{"stats":{"minecraft:picked_up":{"minecraft:wooden_axe":1,"minecraft:wheat":110,"minecraft:gilded_blackstone":1,"minecraft:string":7,"minecraft:cooked_salmon":10,"minecraft:iron_leggings":1,"minecraft:red_candle":3,"minecraft:gold_nugget":1,"bosses_of_mass_destruction:soul_star":1,"minecraft:spruce_planks":3,"minecraft:rose_bush":1,"minecraft:cobblestone_slab":1,"minecraft:furnace":2,"minecraft:stick":12,"minecraft:big_dripleaf":3,"minecraft:torch":9,"minecraft:diorite":7,"minecraft:golden_chestplate":1,"minecraft:rabbit_foot":1,"minecraft:rotten_flesh":88,"farmersdelight:onion":1,"minecraft:cobblestone":74,"biomesoplenty:lavender":2,"minecraft:birch_log":19,"minecraft:enchanting_table":1,"minecraft:dune_armor_trim_smithing_template":4,"minecraft:feather":32,"minecraft:cooked_beef":30,"minecraft:andesite":5,"biomesoplenty:glowshroom":1,"farmersdelight:safety_net":1,"minecraft:potato":20,"biomesoplenty:dead_log":5,"minecraft:map":1,"minecraft:dirt":12,"minecraft:chipped_anvil":2,"minecraft:bone":20,"farmersdelight:iron_knife":2,"minecraft:bow":1,"minecraft:wheat_seeds":362,"minecraft:moss_block":3,"minecraft:oak_planks":52,"minecraft:cooked_porkchop":43,"minecraft:mossy_cobblestone":3,"minecraft:polished_andesite":5,"minecraft:diamond":2,"minecraft:spruce_boat":1,"minecraft:bone_meal":2,"minecraft:golden_apple":3,"minecraft:bread":58,"minecraft:emerald":9,"minecraft:oak_sapling":3,"minecraft:coarse_dirt":2,"minecraft:clay_ball":4,"minecraft:leather_leggings":1,"minecraft:wooden_pickaxe":2,"minecraft:cooked_rabbit":4,"biomesoplenty:jacaranda_sapling":5,"minecraft:brick":8,"minecraft:shield":1,"minecraft:moss_carpet":2,"charm:dark_oak_chest":1,"minecraft:blackstone":1,"minecraft:beef":25,"minecraft:iron_nugget":2,"minecraft:poppy":1,"minecraft:chest":1,"variantcraftingtables:spruce_crafting_table":5,"minecraft:birch_sapling":11,"minecraft:raw_iron":15,"minecraft:stone":1,"minecraft:bowl":1,"minecraft:dark_oak_planks":2,"minecraft:arrow":28,"biomesoplenty:jacaranda_log":16,"minecraft:hay_block":2,"minecraft:pink_tulip":5,"minecraft:gold_ingot":6,"minecraft:mutton":1,"minecraft:white_wool":5,"minecraft:salmon":32,"minecraft:leather":31,"minecraft:ancient_debris":1,"minecraft:golden_boots":1,"minecraft:gunpowder":2,"minecraft:cobblestone_stairs":3,"natures_spirit:purple_heather":1,"minecraft:paper":1,"minecraft:white_banner":2,"minecraft:cooked_mutton":34,"minecraft:apple":57,"minecraft:stone_bricks":192,"minecraft:rabbit_hide":5,"biomesoplenty:maple_log":3,"minecraft:iron_ingot":7,"minecraft:cooked_chicken":18,"minecraft:gray_bed":1,"minecraft:iron_sword":4,"minecraft:book":57,"natures_spirit:red_heather":1,"minecraft:sweet_berries":15,"minecraft:chiseled_stone_bricks":2,"minecraft:stone_brick_slab":1,"biomesoplenty:dead_planks":68,"minecraft:spruce_sapling":20,"minecraft:spruce_log":21,"minecraft:spider_eye":4,"minecraft:iron_helmet":2,"minecraft:mossy_cobblestone_stairs":2,"minecraft:damaged_anvil":1,"minecraft:black_wool":1,"minecraft:coal":101,"minecraft:ender_pearl":1},"minecraft:broken":{"minecraft:iron_pickaxe":1,"minecraft:golden_pickaxe":4},"minecraft:custom":{"minecraft:interact_with_crafting_table":53,"minecraft:open_barrel":28,"minecraft:leave_game":7,"minecraft:time_since_death":128411,"minecraft:sprint_one_cm":686214,"minecraft:damage_blocked_by_shield":60,"minecraft:drop":89,"minecraft:talked_to_villager":3,"minecraft:play_time":260110,"minecraft:deaths":2,"minecraft:jump":4294,"minecraft:walk_on_water_one_cm":41492,"minecraft:interact_with_furnace":60,"minecraft:sleep_in_bed":7,"minecraft:damage_dealt":22752,"minecraft:player_kills":1,"minecraft:crouch_one_cm":37018,"minecraft:horse_one_cm":283271,"minecraft:mob_kills":197,"minecraft:interact_with_anvil":4,"minecraft:climb_one_cm":7089,"minecraft:walk_one_cm":764351,"minecraft:sneak_time":11332,"minecraft:walk_under_water_one_cm":29976,"minecraft:boat_one_cm":54021,"minecraft:interact_with_lectern":7,"minecraft:total_world_time":260110,"minecraft:time_since_rest":1823,"minecraft:damage_taken":5221,"minecraft:damage_absorbed":199,"minecraft:swim_one_cm":60815,"minecraft:fly_one_cm":1045710,"minecraft:open_chest":157,"minecraft:fall_one_cm":102223},"minecraft:crafted":{"variantcraftingtables:spruce_crafting_table":5,"inmis:baby_backpack":1,"minecraft:bookshelf":4,"farmersdelight:safety_net":1,"minecraft:iron_boots":2,"minecraft:chest":1,"minecraft:cooked_rabbit":3,"minecraft:wooden_shovel":1,"charm:dark_oak_chest":1,"minecraft:crafting_table":1,"minecraft:spruce_planks":80,"minecraft:wooden_pickaxe":2,"minecraft:iron_helmet":1,"minecraft:golden_pickaxe":4,"minecraft:iron_chestplate":1,"inmis:plated_backpack":1,"minecraft:shield":1,"minecraft:stick":12,"minecraft:iron_pickaxe":1,"minecraft:iron_ingot":15,"minecraft:stone_sword":1,"inmis:frayed_backpack":1,"inmis:gilded_backpack":1,"biomesoplenty:maple_planks":12,"minecraft:furnace":2,"minecraft:bone_meal":18,"charm:oak_bookshelf":15,"minecraft:stone_pickaxe":1,"minecraft:spruce_boat":2,"minecraft:dark_oak_planks":68,"minecraft:wheat":18,"minecraft:cooked_beef":8,"biomesoplenty:dead_planks":20,"charm:spruce_bookshelf":1,"minecraft:cooked_salmon":20,"minecraft:stone_axe":1,"minecraft:bread":42,"minecraft:air":0,"minecraft:golden_apple":3,"minecraft:wooden_axe":1,"minecraft:iron_leggings":1,"minecraft:torch":20},"minecraft:killed":{"illagerinvasion:archivist":2,"minecraft:spider":2,"minecraft:skeleton":17,"charm:moobloom":1,"minecraft:chicken":8,"minecraft:wolf":1,"minecraft:pig":16,"minecraft:salmon":44,"minecraft:creeper":2,"minecraft:sheep":8,"minecraft:pillager":2,"minecraft:zombie":51,"minecraft:stray":1,"minecraft:cow":13,"minecraft:vindicator":3,"friendsandfoes:mauler":1,"minecraft:drowned":1,"minecraft:rabbit":4,"minecraft:player":1,"minecraft:enderman":1},"minecraft:mined":{"minecraft:dark_oak_planks":2,"biomesoplenty:glowshroom":1,"minecraft:spruce_planks":1,"easymagic:minecraft/enchanting_table":1,"minecraft:cobblestone_stairs":2,"minecraft:grass_block":11,"minecraft:chiseled_stone_bricks":2,"minecraft:spawner":7,"minecraft:iron_ore":15,"biomesoplenty:lavender":2,"biomesoplenty:glowshroom_block":1,"easyanvils:minecraft/damaged_anvil":1,"minecraft:pink_tulip":6,"biomesoplenty:maple_log":3,"minecraft:powder_snow":9,"minecraft:clay":1,"minecraft:torch":6,"minecraft:poppy":2,"minecraft:polished_andesite_stairs":1,"minecraft:chest":1,"farmersdelight:safety_net":1,"minecraft:mushroom_stem":1,"minecraft:cobblestone":12,"minecraft:oak_planks":58,"visualworkbench:variantcraftingtables/spruce_crafting_table":4,"minecraft:wall_torch":1,"minecraft:cyan_wool":3,"minecraft:red_candle":1,"biomesoplenty:glowworm_silk_strand":1,"minecraft:birch_log":19,"minecraft:wheat":109,"minecraft:potted_poppy":1,"minecraft:stone_brick_stairs":3,"minecraft:smooth_stone_slab":1,"biomesoplenty:dead_log":4,"minecraft:oak_log":3,"minecraft:dirt":8,"minecraft:oak_leaves":1,"minecraft:mossy_cobblestone":3,"minecraft:spruce_fence":2,"natures_spirit:red_heather":3,"minecraft:moss_block":2,"biomesoplenty:jacaranda_sapling":1,"minecraft:hay_block":2,"biomesoplenty:jacaranda_log":16,"minecraft:furnace":2,"minecraft:andesite":5,"minecraft:big_dripleaf_stem":1,"minecraft:bookshelf":19,"minecraft:cobblestone_slab":1,"minecraft:packed_ice":17,"minecraft:stone":66,"minecraft:dandelion":1,"minecraft:short_grass":16,"minecraft:rose_bush":4,"easyanvils:minecraft/chipped_anvil":2,"minecraft:tall_grass":3,"minecraft:diorite":7,"minecraft:coarse_dirt":2,"minecraft:sweet_berry_bush":12,"minecraft:ice":8,"minecraft:gray_bed":1,"minecraft:spruce_log":32,"minecraft:birch_leaves":7,"minecraft:coal_ore":89,"minecraft:cobweb":1,"biomesoplenty:dead_planks":5,"minecraft:polished_andesite":3,"minecraft:stone_bricks":197,"minecraft:fern":2},"minecraft:dropped":{"farmersdelight:iron_knife":2,"minecraft:iron_sword":2,"minecraft:moss_block":1,"minecraft:leather":7,"charm:dark_oak_chest":2,"minecraft:cobblestone_stairs":2,"minecraft:mutton":1,"minecraft:gilded_blackstone":1,"minecraft:gold_nugget":1,"farmersdelight:onion":1,"minecraft:white_wool":1,"minecraft:blackstone":1,"minecraft:ancient_debris":1,"minecraft:iron_nugget":2,"minecraft:golden_chestplate":1,"minecraft:rotten_flesh":75,"minecraft:cooked_mutton":2,"minecraft:rabbit_foot":1,"minecraft:poppy":1,"minecraft:gunpowder":2,"farmersdelight:rope":18,"minecraft:leather_leggings":1,"minecraft:golden_boots":1,"minecraft:iron_ingot":1,"biomesoplenty:dead_planks":2,"minecraft:wheat_seeds":67,"minecraft:mossy_cobblestone":2,"adventurez:ivory_arrow":1,"minecraft:feather":6,"minecraft:iron_helmet":2,"minecraft:cobblestone":7,"minecraft:polished_andesite":4,"minecraft:stick":3,"minecraft:wooden_axe":1,"minecraft:rose_bush":1,"minecraft:iron_leggings":1,"minecraft:white_banner":2,"minecraft:spruce_sapling":10,"minecraft:stone_brick_slab":1,"minecraft:moss_carpet":2,"minecraft:clay_ball":4,"minecraft:filled_map":1,"minecraft:big_dripleaf":3,"minecraft:potato":11,"minecraft:shield":1,"minecraft:stone":1,"minecraft:spider_eye":2,"minecraft:spruce_log":1,"minecraft:bow":1,"minecraft:wooden_pickaxe":2,"variantcraftingtables:spruce_crafting_table":2,"minecraft:brick":8},"minecraft:used":{"minecraft:moss_block":2,"minecraft:shield":2,"minecraft:iron_sword":238,"minecraft:iron_chestplate":1,"minecraft:spruce_boat":2,"variantcraftingtables:spruce_crafting_table":6,"biomesoplenty:jacaranda_sapling":5,"minecraft:bow":20,"minecraft:sweet_berries":33,"minecraft:furnace":2,"minecraft:gray_bed":1,"farmersdelight:safety_net":2,"minecraft:diorite":7,"minecraft:oak_planks":556,"minecraft:wooden_pickaxe":17,"biomesoplenty:lavender":2,"minecraft:diamond_axe":178,"minecraft:golden_apple":5,"biomesoplenty:dead_planks":85,"minecraft:bread":12,"minecraft:diamond_sword":272,"minecraft:andesite":5,"minecraft:coarse_dirt":2,"minecraft:bone_meal":13,"minecraft:golden_pickaxe":128,"minecraft:experience_bottle":5,"minecraft:stone_sword":9,"minecraft:spruce_planks":15,"minecraft:wooden_shovel":5,"minecraft:cooked_salmon":20,"minecraft:torch":35,"minecraft:dirt":7,"minecraft:wooden_axe":14,"minecraft:dark_oak_planks":62,"minecraft:chipped_anvil":2,"minecraft:red_candle":3,"minecraft:cooked_beef":27,"minecraft:wheat_seeds":104,"minecraft:cooked_mutton":3,"minecraft:cobblestone_stairs":1,"minecraft:polished_andesite":1,"minecraft:cobblestone_slab":1,"minecraft:salmon":11,"farmersdelight:onion":3,"minecraft:crafting_table":1,"bosses_of_mass_destruction:soul_star":1,"minecraft:apple":20,"minecraft:diamond_shovel":18,"minecraft:iron_pickaxe":308,"minecraft:map":1,"minecraft:stone_axe":3,"minecraft:cobblestone":37},"minecraft:killed_by":{"minecraft:zombie":1}},"DataVersion":3955}