{"stats":{"minecraft:picked_up":{"minecraft:wooden_axe":4,"minecraft:iron_chestplate":1,"minecraft:black_carpet":3,"illagerinvasion:platinum_chunk":4,"minecraft:lead":2,"minecraft:diamond_sword":9,"minecraft:oak_stairs":1,"minecraft:enchanted_book":2,"minecraft:stone_brick_stairs":3,"minecraft:string":71,"minecraft:raw_copper":33,"minecraft:cooked_salmon":2,"minecraft:smooth_stone_slab":4,"minecraft:iron_leggings":2,"minecraft:red_candle":1,"biomesoplenty:dead_sapling":2,"minecraft:gold_nugget":1,"minecraft:cobbled_deepslate":54,"minecraft:spruce_planks":62,"minecraft:rose_bush":1,"minecraft:cobblestone_slab":2,"minecraft:iron_pickaxe":1,"minecraft:iron_boots":3,"minecraft:stick":72,"minecraft:big_dripleaf":3,"minecraft:torch":36,"minecraft:spruce_stairs":1,"minecraft:porkchop":19,"minecraft:golden_axe":2,"minecraft:cherry_log":3,"minecraft:diorite":40,"minecraft:golden_chestplate":1,"minecraft:rotten_flesh":50,"farmersdelight:onion":10,"minecraft:cyan_terracotta":1,"biomesoplenty:white_petals":1,"minecraft:obsidian":4,"minecraft:iron_bars":4,"minecraft:cod":1,"minecraft:cobblestone":527,"minecraft:magma_block":5,"minecraft:feather":12,"minecraft:magma_cream":1,"minecraft:cherry_planks":8,"minecraft:iron_door":6,"minecraft:andesite":35,"natures_spirit:white_heather":19,"minecraft:potato":1,"biomesoplenty:dead_log":57,"biomesoplenty:fir_log":4,"minecraft:flint":1,"minecraft:lapis_lazuli":21,"minecraft:dirt":293,"biomesoplenty:snowblossom_sapling":16,"minecraft:bone":55,"farmersdelight:iron_knife":1,"minecraft:bow":6,"minecraft:wheat_seeds":94,"minecraft:raw_gold":11,"minecraft:mossy_stone_bricks":3,"minecraft:glowstone_dust":6,"minecraft:bamboo":7,"minecraft:oak_planks":4,"minecraft:cooked_porkchop":1,"minecraft:mossy_cobblestone":2,"minecraft:polished_andesite":3,"minecraft:diamond":4,"minecraft:cracked_polished_blackstone_bricks":10,"minecraft:granite":14,"minecraft:bone_meal":3,"minecraft:golden_apple":1,"minecraft:emerald":8,"minecraft:bread":58,"minecraft:oak_sapling":102,"minecraft:netherrack":1,"minecraft:crafting_table":1,"minecraft:coarse_dirt":90,"minecraft:ominous_bottle":2,"minecraft:clay_ball":4,"minecraft:wooden_pickaxe":1,"friendsandfoes:totem_of_illusion":2,"minecraft:gold_block":11,"minecraft:shield":1,"minecraft:oak_trapdoor":1,"minecraft:red_bed":5,"minecraft:moss_carpet":2,"minecraft:flint_and_steel":1,"minecraft:item_frame":12,"biomesoplenty:maple_planks":6,"minecraft:white_carpet":3,"minecraft:blackstone":4,"minecraft:cracked_stone_bricks":6,"minecraft:beef":26,"minecraft:oak_boat":3,"minecraft:iron_nugget":7,"minecraft:poppy":1,"minecraft:spruce_slab":1,"variantcraftingtables:spruce_crafting_table":4,"minecraft:spruce_trapdoor":1,"minecraft:egg":6,"minecraft:raw_iron":57,"minecraft:oak_door":1,"minecraft:bowl":5,"minecraft:spruce_fence":2,"minecraft:polished_blackstone_bricks":49,"farmersdelight:tomato_seeds":2,"minecraft:stone_button":2,"minecraft:carrot":14,"minecraft:redstone":46,"natures_spirit:fir_sapling":2,"minecraft:arrow":12,"charm:spruce_chest":2,"minecraft:pink_tulip":2,"minecraft:totem_of_undying":1,"minecraft:gold_ingot":2,"minecraft:mutton":11,"minecraft:white_wool":9,"minecraft:basalt":1,"minecraft:salmon":86,"minecraft:leather":10,"minecraft:oak_log":261,"minecraft:ancient_debris":1,"farmersdelight:salmon_slice":2,"minecraft:gunpowder":1,"minecraft:cobblestone_stairs":1,"natures_spirit:purple_heather":34,"minecraft:paper":2,"minecraft:white_banner":1,"biomesoplenty:glowing_moss_carpet":1,"adventurez:ivory_arrow":1,"minecraft:cooked_mutton":2,"minecraft:red_carpet":5,"minecraft:apple":8,"minecraft:stone_bricks":67,"minecraft:kelp":30,"minecraft:iron_ingot":18,"minecraft:stone_pickaxe":2,"minecraft:cobweb":17,"minecraft:glass_bottle":4,"minecraft:iron_sword":4,"minecraft:book":9,"minecraft:polished_andesite_stairs":2,"natures_spirit:red_heather":45,"minecraft:sweet_berries":14,"minecraft:chiseled_stone_bricks":5,"minecraft:stone_brick_slab":1,"minecraft:dandelion":1,"minecraft:gravel":26,"biomesoplenty:dead_planks":4,"minecraft:spruce_sapling":11,"minecraft:spruce_log":17,"illagerinvasion:illusionary_dust":1,"minecraft:spider_eye":8,"minecraft:oak_wood":6,"minecraft:slime_ball":11,"minecraft:stone_axe":4,"minecraft:iron_helmet":2,"minecraft:gray_wool":1,"minecraft:coal":24,"minecraft:ender_pearl":1},"minecraft:broken":{"minecraft:iron_shovel":1,"minecraft:stone_pickaxe":1,"minecraft:wooden_axe":1,"minecraft:golden_axe":1,"minecraft:iron_axe":1,"minecraft:iron_pickaxe":2},"minecraft:custom":{"minecraft:interact_with_crafting_table":56,"minecraft:open_barrel":37,"minecraft:leave_game":9,"minecraft:time_since_death":60184,"minecraft:sprint_one_cm":1314706,"minecraft:damage_blocked_by_shield":240,"minecraft:drop":271,"minecraft:talked_to_villager":4,"minecraft:play_time":481187,"minecraft:deaths":10,"minecraft:jump":7964,"minecraft:walk_on_water_one_cm":127829,"minecraft:interact_with_furnace":89,"minecraft:sleep_in_bed":12,"minecraft:damage_dealt":22233,"minecraft:crouch_one_cm":30070,"minecraft:interact_with_anvil":1,"minecraft:mob_kills":224,"minecraft:climb_one_cm":10242,"minecraft:walk_one_cm":1063319,"minecraft:sneak_time":10787,"minecraft:walk_under_water_one_cm":156605,"minecraft:boat_one_cm":627855,"minecraft:interact_with_blast_furnace":2,"minecraft:total_world_time":481187,"minecraft:time_since_rest":1871,"minecraft:damage_taken":9940,"minecraft:swim_one_cm":262264,"minecraft:fly_one_cm":1556057,"minecraft:open_chest":280,"minecraft:fish_caught":1,"minecraft:fall_one_cm":194269},"minecraft:crafted":{"minecraft:oak_planks":1076,"variantcraftingtables:spruce_crafting_table":1,"minecraft:cooked_mutton":11,"minecraft:iron_boots":1,"natures_spirit:fir_planks":128,"minecraft:chest":1,"minecraft:cooked_porkchop":21,"minecraft:crafting_table":8,"minecraft:spruce_planks":68,"minecraft:wooden_pickaxe":2,"variantcraftingtables:ns_fir_crafting_table":2,"biomesoplenty:fir_planks":16,"minecraft:iron_chestplate":1,"minecraft:diamond_pickaxe":1,"minecraft:stick":56,"minecraft:iron_ingot":64,"minecraft:iron_pickaxe":3,"minecraft:gold_ingot":110,"inmis:frayed_backpack":1,"minecraft:oak_door":3,"minecraft:furnace":1,"charm:oak_chest":2,"minecraft:iron_axe":2,"minecraft:stone_pickaxe":3,"minecraft:cooked_beef":31,"biomesoplenty:dead_planks":168,"minecraft:cooked_salmon":88,"minecraft:bucket":2,"minecraft:stone_axe":1,"charm:spruce_chest":2,"minecraft:air":0,"minecraft:oak_boat":8,"minecraft:golden_apple":12,"minecraft:wooden_axe":1,"minecraft:iron_shovel":1,"minecraft:white_bed":2,"minecraft:torch":152},"minecraft:killed":{"illagerinvasion:archivist":1,"minecraft:cave_spider":16,"minecraft:zombified_piglin":1,"minecraft:spider":3,"betternether:firefly":1,"illagerinvasion:basher":1,"minecraft:skeleton":7,"illagerinvasion:provoker":2,"minecraft:illusioner":1,"minecraft:piglin_brute":1,"minecraft:magma_cube":10,"minecraft:piglin":1,"minecraft:pig":12,"minecraft:salmon":93,"minecraft:creeper":1,"minecraft:sheep":7,"minecraft:pillager":4,"minecraft:zombie":21,"minecraft:cow":8,"minecraft:evoker":1,"minecraft:vex":3,"minecraft:vindicator":2,"illagerinvasion:marauder":2,"minecraft:slime":10,"minecraft:drowned":1,"friendsandfoes:moobloom":4,"minecraft:wither_skeleton":2,"minecraft:enderman":3},"minecraft:mined":{"minecraft:dark_oak_planks":2,"minecraft:obsidian":4,"minecraft:granite":8,"minecraft:grass_block":243,"minecraft:cracked_polished_blackstone_bricks":11,"minecraft:deepslate_bricks":1,"minecraft:frosted_ice":23,"minecraft:chiseled_stone_bricks":4,"betternether:cincinnasite_ore":3,"minecraft:spawner":7,"biomesoplenty:blackstone_bulb":1,"minecraft:polished_blackstone_bricks":61,"minecraft:tall_seagrass":2,"minecraft:magma_block":5,"minecraft:glowstone":1,"minecraft:iron_ore":40,"minecraft:black_carpet":1,"minecraft:oak_stairs":1,"minecraft:iron_bars":5,"minecraft:pink_tulip":1,"natures_spirit:frigid_grass":1,"minecraft:spruce_slab":1,"minecraft:piston_head":4,"biomesoplenty:jacaranda_leaves":1,"minecraft:cyan_terracotta":1,"minecraft:red_bed":3,"minecraft:blackstone":2,"minecraft:kelp_plant":2,"biomesoplenty:blackstone_spines":2,"minecraft:powder_snow":5,"visualworkbench:minecraft/crafting_table":1,"minecraft:torch":8,"minecraft:polished_andesite_stairs":1,"minecraft:cobblestone":28,"minecraft:oak_planks":10,"visualworkbench:variantcraftingtables/spruce_crafting_table":3,"minecraft:iron_door":6,"minecraft:wall_torch":5,"minecraft:amethyst_block":3,"minecraft:seagrass":3,"minecraft:repeater":1,"minecraft:red_candle":1,"minecraft:mossy_stone_brick_wall":1,"minecraft:orange_tulip":1,"biomesoplenty:fir_log":4,"minecraft:stone_brick_stairs":3,"minecraft:smooth_stone_slab":1,"biomesoplenty:dead_log":41,"minecraft:oak_log":292,"minecraft:dirt":26,"minecraft:netherrack":2,"minecraft:oak_leaves":1,"minecraft:deepslate":54,"minecraft:tuff":17,"minecraft:mossy_cobblestone":3,"natures_spirit:white_heather":1,"minecraft:spruce_fence":5,"natures_spirit:red_heather":2,"minecraft:redstone_wire":1,"minecraft:large_fern":1,"minecraft:oak_trapdoor":1,"minecraft:andesite":33,"minecraft:gold_block":11,"minecraft:bookshelf":3,"minecraft:deepslate_iron_ore":17,"minecraft:cobblestone_slab":1,"minecraft:lantern":1,"minecraft:packed_ice":3,"minecraft:stone":550,"minecraft:glass_pane":2,"natures_spirit:purple_heather":2,"minecraft:basalt":6,"minecraft:stone_brick_slab":2,"minecraft:short_grass":23,"minecraft:oak_wood":4,"charm:spruce_chest":2,"minecraft:campfire":1,"minecraft:copper_ore":17,"minecraft:tall_grass":3,"minecraft:deepslate_gold_ore":9,"minecraft:lapis_ore":3,"minecraft:diorite":60,"minecraft:spruce_stairs":1,"minecraft:coarse_dirt":89,"minecraft:sweet_berry_bush":4,"minecraft:spruce_log":17,"minecraft:coal_ore":12,"minecraft:gravel":22,"minecraft:cobweb":62,"minecraft:cracked_stone_bricks":7,"biomesoplenty:dead_planks":1,"minecraft:polished_andesite":2,"minecraft:stone_bricks":75,"minecraft:mossy_stone_bricks":4,"minecraft:gold_ore":2,"minecraft:fern":1},"minecraft:dropped":{"farmersdelight:iron_knife":1,"minecraft:iron_sword":2,"minecraft:ominous_bottle":1,"minecraft:glass_bottle":2,"minecraft:diamond":4,"minecraft:red_carpet":5,"minecraft:item_frame":8,"minecraft:cobblestone_stairs":1,"minecraft:dirt":146,"minecraft:gold_nugget":1,"minecraft:bone_meal":3,"minecraft:iron_pickaxe":2,"minecraft:gold_ingot":6,"minecraft:bone":27,"minecraft:oak_door":1,"minecraft:gravel":14,"minecraft:stone_axe":3,"minecraft:blackstone":3,"minecraft:ancient_debris":1,"natures_spirit:fir_sapling":1,"minecraft:golden_chestplate":1,"minecraft:cobbled_deepslate":53,"minecraft:black_carpet":2,"minecraft:rotten_flesh":29,"minecraft:oak_planks":3,"minecraft:glowstone_dust":5,"minecraft:cooked_mutton":12,"biomesoplenty:white_petals":1,"minecraft:chiseled_stone_bricks":3,"minecraft:poppy":1,"minecraft:leather_chestplate":1,"minecraft:red_candle":1,"minecraft:gunpowder":1,"natures_spirit:white_heather":18,"minecraft:dune_armor_trim_smithing_template":4,"minecraft:iron_bars":1,"minecraft:arrow":5,"minecraft:beef":17,"minecraft:stone_brick_stairs":1,"minecraft:netherrack":1,"farmersdelight:tomato_seeds":2,"minecraft:golden_boots":1,"minecraft:iron_ingot":4,"minecraft:bread":60,"biomesoplenty:dead_planks":33,"minecraft:wheat_seeds":82,"minecraft:cherry_log":3,"minecraft:mossy_cobblestone":1,"adventurez:ivory_arrow":1,"minecraft:iron_helmet":4,"minecraft:golden_axe":2,"minecraft:feather":7,"minecraft:cobblestone":99,"illagerinvasion:illusionary_dust":1,"minecraft:apple":61,"minecraft:granite":14,"natures_spirit:purple_heather":22,"minecraft:golden_apple":5,"minecraft:stick":4,"minecraft:polished_andesite":2,"minecraft:cobweb":4,"biomesoplenty:snowblossom_sapling":16,"minecraft:gray_wool":1,"illagerinvasion:platinum_chunk":4,"minecraft:diorite":35,"natures_spirit:fir_planks":81,"minecraft:wooden_axe":4,"minecraft:rose_bush":1,"minecraft:cooked_salmon":10,"minecraft:iron_door":2,"minecraft:iron_leggings":5,"minecraft:oak_stairs":1,"minecraft:polished_andesite_stairs":2,"minecraft:white_banner":1,"minecraft:iron_axe":1,"natures_spirit:red_heather":25,"minecraft:string":3,"minecraft:spruce_sapling":11,"minecraft:stone_brick_slab":1,"minecraft:redstone":4,"minecraft:pink_tulip":2,"minecraft:moss_carpet":2,"minecraft:kelp":30,"minecraft:sweet_berries":3,"minecraft:coarse_dirt":47,"minecraft:raw_copper":31,"minecraft:bowl":5,"minecraft:white_carpet":3,"minecraft:clay_ball":4,"minecraft:iron_boots":2,"minecraft:totem_of_undying":1,"minecraft:spruce_fence":1,"minecraft:diamond_sword":11,"biomesoplenty:dead_sapling":2,"minecraft:big_dripleaf":3,"minecraft:potato":14,"minecraft:cobblestone_slab":2,"biomesoplenty:fir_planks":6,"minecraft:spruce_trapdoor":1,"minecraft:spruce_planks":67,"minecraft:iron_chestplate":1,"minecraft:andesite":27,"minecraft:mossy_stone_bricks":1,"minecraft:oak_boat":1,"minecraft:oak_sapling":92,"minecraft:spider_eye":6,"minecraft:stone_bricks":13,"minecraft:bow":4,"minecraft:stone_pickaxe":3,"minecraft:wooden_pickaxe":3,"minecraft:magma_cream":1,"variantcraftingtables:spruce_crafting_table":1},"minecraft:used":{"minecraft:iron_shovel":354,"minecraft:shield":7,"minecraft:iron_sword":143,"minecraft:carrot":29,"minecraft:obsidian":15,"variantcraftingtables:spruce_crafting_table":4,"friendsandfoes:totem_of_illusion":1,"minecraft:stone_bricks":4,"minecraft:sweet_berries":11,"minecraft:furnace":1,"minecraft:potato":34,"minecraft:stone_pickaxe":221,"minecraft:oak_planks":138,"minecraft:wooden_pickaxe":24,"minecraft:cookie":6,"biomesoplenty:dead_planks":61,"minecraft:bread":16,"minecraft:diamond_sword":344,"minecraft:smooth_stone_slab":4,"minecraft:oak_boat":8,"minecraft:experience_bottle":1,"minecraft:flint_and_steel":1,"minecraft:spruce_planks":5,"minecraft:cooked_salmon":53,"minecraft:oak_door":2,"minecraft:torch":90,"minecraft:dirt":24,"charm:spruce_chest":3,"minecraft:oak_wood":2,"minecraft:wooden_axe":65,"minecraft:iron_axe":301,"charm:oak_chest":2,"minecraft:cooked_beef":27,"minecraft:golden_axe":35,"minecraft:cooked_mutton":10,"minecraft:water_bucket":400,"minecraft:polished_blackstone_bricks":45,"farmersdelight:onion":7,"minecraft:crafting_table":7,"minecraft:red_bed":5,"minecraft:white_bed":2,"minecraft:diamond_pickaxe":151,"minecraft:apple":2,"minecraft:cracked_polished_blackstone_bricks":10,"minecraft:iron_pickaxe":751,"variantcraftingtables:ns_fir_crafting_table":2,"minecraft:stone_axe":56,"minecraft:fishing_rod":6,"minecraft:cobblestone":208,"minecraft:cooked_porkchop":5,"minecraft:bucket":401},"minecraft:killed_by":{"minecraft:piglin_brute":1,"minecraft:vindicator":2,"minecraft:zombie":3,"minecraft:player":1,"minecraft:spider":1}},"DataVersion":3955}