{"stats":{"minecraft:picked_up":{"minecraft:iron_chestplate":2,"illagerinvasion:platinum_chunk":11,"minecraft:diamond_sword":1,"minecraft:golden_shovel":1,"minecraft:gilded_blackstone":3,"minecraft:stone_brick_stairs":1,"minecraft:string":50,"minecraft:raw_copper":34,"minecraft:iron_leggings":5,"biomesoplenty:dead_sapling":2,"minecraft:cobbled_deepslate":8,"minecraft:gold_nugget":1,"bosses_of_mass_destruction:soul_star":1,"minecraft:spruce_planks":2,"minecraft:redstone_torch":2,"minecraft:cobblestone_slab":1,"minecraft:iron_pickaxe":1,"minecraft:iron_boots":3,"natures_spirit:larch_sapling":7,"minecraft:tipped_arrow":3,"minecraft:stick":24,"minecraft:oak_fence":2,"minecraft:torch":109,"minecraft:porkchop":8,"minecraft:cherry_log":62,"minecraft:diorite":36,"betternether:cincinnasite":8,"minecraft:rotten_flesh":112,"farmersdelight:rope":1,"biomesoplenty:white_petals":4,"minecraft:obsidian":5,"minecraft:iron_bars":6,"minecraft:cobblestone":420,"minecraft:cooked_beef":28,"minecraft:cherry_planks":77,"minecraft:iron_door":2,"minecraft:water_bucket":1,"minecraft:andesite":158,"natures_spirit:white_heather":2,"biomesoplenty:dead_log":34,"minecraft:flint":2,"adventurez:gilded_blackstone_shard":1,"minecraft:lapis_lazuli":31,"minecraft:lantern":2,"minecraft:dirt":283,"biomesoplenty:snowblossom_sapling":22,"minecraft:bone":38,"minecraft:bow":1,"minecraft:wheat_seeds":19,"minecraft:deepslate_brick_slab":1,"minecraft:mossy_stone_bricks":2,"minecraft:moss_block":1,"minecraft:oak_planks":9,"minecraft:mossy_stone_brick_stairs":2,"minecraft:cooked_porkchop":30,"minecraft:music_disc_13":1,"minecraft:sand":10,"minecraft:polished_andesite":2,"minecraft:diamond":2,"minecraft:spruce_boat":17,"minecraft:cracked_polished_blackstone_bricks":2,"minecraft:granite":12,"minecraft:bone_meal":1,"minecraft:emerald":15,"minecraft:oak_sapling":4,"minecraft:netherrack":1,"minecraft:coarse_dirt":261,"minecraft:azure_bluet":1,"minecraft:ominous_bottle":1,"minecraft:ladder":2,"friendsandfoes:totem_of_illusion":1,"minecraft:gold_block":7,"minecraft:brick":4,"minecraft:cornflower":1,"minecraft:iron_axe":1,"charm:dark_oak_chest":2,"minecraft:blackstone":8,"minecraft:cracked_stone_bricks":8,"minecraft:light_gray_wool":2,"minecraft:chest":1,"variantcraftingtables:spruce_crafting_table":5,"minecraft:raw_iron":45,"minecraft:copper_ingot":2,"natures_spirit:larch_log":14,"minecraft:bowl":2,"minecraft:spruce_fence":1,"minecraft:polished_blackstone_bricks":12,"natures_spirit:fir_sapling":5,"minecraft:dark_oak_planks":2,"inmis:gilded_backpack":1,"minecraft:arrow":47,"minecraft:totem_of_undying":1,"minecraft:gold_ingot":2,"minecraft:white_wool":18,"minecraft:clock":1,"minecraft:basalt":4,"minecraft:salmon":4,"minecraft:leather":37,"minecraft:ancient_debris":7,"minecraft:oak_log":10,"minecraft:gunpowder":6,"minecraft:cobblestone_stairs":1,"natures_spirit:purple_heather":22,"minecraft:white_banner":1,"biomesoplenty:glowing_moss_carpet":1,"minecraft:cooked_mutton":26,"minecraft:apple":2,"minecraft:stone_bricks":29,"minecraft:iron_ingot":28,"minecraft:stone_pickaxe":1,"minecraft:gray_bed":2,"minecraft:iron_sword":1,"minecraft:book":63,"natures_spirit:red_heather":14,"minecraft:sweet_berries":3,"minecraft:stone_brick_slab":1,"minecraft:quartz":16,"minecraft:gravel":31,"biomesoplenty:dead_planks":62,"minecraft:amethyst_shard":12,"minecraft:spruce_sapling":11,"minecraft:spruce_log":21,"illagerinvasion:illusionary_dust":2,"minecraft:spider_eye":16,"natures_spirit:fir_log":34,"minecraft:stone_axe":3,"minecraft:iron_helmet":3,"minecraft:black_wool":1,"minecraft:coal":141,"minecraft:ender_pearl":2},"minecraft:broken":{"minecraft:iron_shovel":2,"minecraft:golden_shovel":1,"minecraft:wooden_axe":1,"minecraft:iron_pickaxe":1,"minecraft:iron_helmet":1},"minecraft:custom":{"minecraft:interact_with_crafting_table":50,"minecraft:open_barrel":26,"minecraft:leave_game":7,"minecraft:time_since_death":25034,"minecraft:sprint_one_cm":848872,"minecraft:drop":129,"minecraft:play_time":350492,"minecraft:deaths":7,"minecraft:jump":5200,"minecraft:walk_on_water_one_cm":72447,"minecraft:interact_with_furnace":57,"minecraft:sleep_in_bed":9,"minecraft:damage_dealt":42280,"minecraft:player_kills":2,"minecraft:crouch_one_cm":43154,"minecraft:inspect_dispenser":1,"minecraft:horse_one_cm":71737,"minecraft:mob_kills":255,"minecraft:climb_one_cm":12409,"minecraft:walk_one_cm":919426,"minecraft:sneak_time":14342,"minecraft:walk_under_water_one_cm":40351,"minecraft:boat_one_cm":71992,"minecraft:interact_with_lectern":6,"minecraft:interact_with_blast_furnace":1,"minecraft:total_world_time":350492,"minecraft:time_since_rest":3166,"minecraft:damage_taken":8049,"minecraft:damage_absorbed":141,"minecraft:swim_one_cm":91415,"minecraft:fly_one_cm":863625,"minecraft:open_chest":178,"minecraft:fall_one_cm":109374},"minecraft:killed":{"minecraft:witch":11,"minecraft:spider":9,"minecraft:skeleton":33,"friendsandfoes:glare":1,"charm:moobloom":1,"illagerinvasion:provoker":2,"minecraft:illusioner":2,"minecraft:piglin_brute":9,"minecraft:magma_cube":3,"minecraft:piglin":3,"minecraft:pig":19,"minecraft:zombie_villager":1,"minecraft:salmon":4,"minecraft:creeper":3,"minecraft:sheep":20,"minecraft:pillager":10,"minecraft:zombie":68,"minecraft:stray":3,"minecraft:cow":15,"minecraft:vindicator":2,"variantsandventures:gelid":5,"minecraft:drowned":5,"betternether:naga":1,"minecraft:wither_skeleton":1,"minecraft:player":1,"minecraft:enderman":6},"minecraft:crafted":{"minecraft:oak_planks":8,"variantcraftingtables:spruce_crafting_table":2,"minecraft:iron_boots":2,"natures_spirit:fir_planks":8,"minecraft:chest":2,"variantcraftingtables:cherry_crafting_table":2,"minecraft:cooked_porkchop":6,"minecraft:spruce_planks":8,"minecraft:wooden_pickaxe":1,"minecraft:iron_chestplate":1,"minecraft:diamond_pickaxe":1,"inmis:plated_backpack":1,"minecraft:stick":16,"minecraft:iron_ingot":48,"minecraft:gold_ingot":65,"inmis:frayed_backpack":1,"charm:cherry_chest":4,"minecraft:cherry_planks":104,"inmis:gilded_backpack":1,"minecraft:furnace":2,"inmis:bejeweled_backpack":1,"charm:oak_chest":1,"minecraft:flint_and_steel":1,"minecraft:iron_axe":1,"minecraft:stone_pickaxe":1,"minecraft:spruce_boat":1,"minecraft:netherite_scrap":4,"biomesoplenty:dead_planks":136,"minecraft:cooked_salmon":7,"minecraft:stone_axe":2,"minecraft:air":0,"farmersdelight:fish_stew":2,"minecraft:wooden_axe":1,"minecraft:iron_shovel":2,"minecraft:torch":60},"minecraft:mined":{"minecraft:large_amethyst_bud":2,"minecraft:cherry_log":80,"minecraft:cobblestone_stairs":1,"minecraft:granite":12,"minecraft:grass_block":179,"minecraft:cracked_polished_blackstone_bricks":3,"minecraft:deepslate_bricks":2,"minecraft:polished_diorite":1,"betternether:cincinnasite_ore":2,"minecraft:gilded_blackstone":3,"minecraft:spawner":19,"biomesoplenty:blackstone_bulb":1,"minecraft:polished_blackstone_bricks":7,"minecraft:mossy_cobblestone_stairs":2,"minecraft:iron_ore":45,"minecraft:fire":14,"natures_spirit:larch_log":15,"minecraft:azure_bluet":1,"minecraft:small_amethyst_bud":1,"minecraft:iron_bars":6,"minecraft:tripwire":2,"minecraft:red_bed":1,"minecraft:blackstone":9,"minecraft:deepslate_brick_wall":2,"minecraft:medium_amethyst_bud":1,"biomesoplenty:blackstone_spines":3,"minecraft:amethyst_cluster":3,"minecraft:powder_snow":3,"minecraft:torch":13,"minecraft:chest":1,"minecraft:nether_quartz_ore":16,"minecraft:cobblestone":38,"minecraft:oak_planks":8,"visualworkbench:variantcraftingtables/spruce_crafting_table":4,"minecraft:iron_door":2,"minecraft:wall_torch":21,"minecraft:skeleton_skull":1,"minecraft:polished_diorite_stairs":1,"minecraft:stone_brick_stairs":1,"minecraft:smooth_stone_slab":2,"biomesoplenty:dead_log":46,"minecraft:oak_log":10,"minecraft:sand":10,"minecraft:dirt":112,"minecraft:netherrack":1,"minecraft:ancient_debris":5,"minecraft:deepslate":8,"minecraft:mossy_cobblestone":1,"minecraft:ladder":2,"natures_spirit:white_heather":3,"minecraft:spruce_fence":1,"minecraft:decorated_pot":1,"natures_spirit:red_heather":5,"biomesoplenty:white_petals":1,"minecraft:spruce_leaves":7,"minecraft:deepslate_brick_slab":1,"minecraft:redstone_ore":1,"minecraft:andesite":172,"minecraft:gold_block":8,"minecraft:mossy_stone_brick_stairs":2,"minecraft:bookshelf":23,"farmersdelight:rope":1,"minecraft:deepslate_iron_ore":3,"minecraft:cobblestone_slab":1,"minecraft:vine":1,"minecraft:lantern":1,"minecraft:stone":365,"minecraft:white_tulip":1,"minecraft:podzol":1,"natures_spirit:fir_log":35,"natures_spirit:purple_heather":17,"minecraft:basalt":3,"minecraft:stone_brick_slab":1,"minecraft:dandelion":2,"minecraft:oak_fence":2,"minecraft:short_grass":40,"minecraft:emerald_ore":3,"minecraft:tall_grass":1,"minecraft:copper_ore":10,"minecraft:lapis_ore":5,"minecraft:diorite":35,"minecraft:coarse_dirt":274,"minecraft:ice":2,"minecraft:gray_bed":2,"minecraft:spruce_log":14,"minecraft:coal_ore":141,"minecraft:gravel":33,"minecraft:cobweb":38,"minecraft:cracked_stone_bricks":8,"biomesoplenty:dead_planks":6,"minecraft:polished_andesite":2,"minecraft:stone_bricks":30,"minecraft:mossy_stone_bricks":2,"minecraft:gold_ore":1,"minecraft:fern":3},"minecraft:dropped":{"minecraft:iron_sword":1,"minecraft:ominous_bottle":1,"minecraft:glow_berries":1,"minecraft:leather":18,"minecraft:cracked_stone_bricks":1,"charm:dark_oak_chest":2,"minecraft:music_disc_13":1,"minecraft:emerald":1,"minecraft:dirt":3,"minecraft:cornflower":1,"minecraft:gold_nugget":1,"minecraft:iron_pickaxe":1,"minecraft:white_wool":1,"minecraft:gold_ingot":3,"minecraft:bone":1,"minecraft:stone_axe":2,"minecraft:ancient_debris":3,"natures_spirit:fir_sapling":1,"minecraft:iron_nugget":2,"minecraft:rotten_flesh":27,"minecraft:golden_shovel":1,"minecraft:azure_bluet":1,"biomesoplenty:glowing_moss_carpet":1,"minecraft:basalt":4,"minecraft:iron_bars":4,"minecraft:water_bucket":1,"minecraft:iron_ingot":24,"biomesoplenty:dead_planks":126,"minecraft:wheat_seeds":5,"minecraft:clock":1,"minecraft:cobblestone":5,"natures_spirit:purple_heather":1,"minecraft:golden_apple":1,"minecraft:polished_andesite":2,"minecraft:stick":6,"illagerinvasion:platinum_chunk":4,"minecraft:diorite":7,"minecraft:cherry_planks":85,"minecraft:iron_leggings":4,"natures_spirit:red_heather":2,"minecraft:spruce_sapling":7,"minecraft:raw_copper":30,"minecraft:bowl":3,"inmis:gilded_backpack":1,"minecraft:light_gray_wool":2,"minecraft:iron_boots":2,"minecraft:diamond_sword":2,"biomesoplenty:dead_sapling":1,"minecraft:cobblestone_slab":1,"minecraft:spruce_planks":2,"minecraft:iron_chestplate":1,"charm:oak_chest":1,"minecraft:andesite":3,"minecraft:oak_sapling":6,"minecraft:stone_bricks":7,"minecraft:spider_eye":9,"minecraft:wooden_pickaxe":1,"minecraft:brick":4},"minecraft:used":{"minecraft:moss_block":1,"minecraft:iron_shovel":511,"minecraft:ladder":2,"minecraft:chest":1,"minecraft:iron_sword":68,"minecraft:rotten_flesh":19,"minecraft:iron_chestplate":1,"variantcraftingtables:cherry_crafting_table":2,"natures_spirit:purple_heather":1,"minecraft:spruce_boat":16,"minecraft:lava_bucket":10,"variantcraftingtables:spruce_crafting_table":7,"minecraft:lantern":2,"minecraft:iron_helmet":1,"biomesoplenty:white_petals":4,"minecraft:stone_brick_stairs":1,"minecraft:stone_bricks":18,"minecraft:bow":51,"minecraft:furnace":2,"minecraft:gray_bed":2,"minecraft:mossy_stone_bricks":2,"minecraft:oak_planks":4,"minecraft:stone_pickaxe":77,"minecraft:ender_pearl":1,"minecraft:wooden_pickaxe":14,"minecraft:golden_apple":3,"minecraft:glow_berries":17,"minecraft:sand":3,"minecraft:crossbow":2,"biomesoplenty:dead_planks":64,"minecraft:redstone_torch":1,"minecraft:bread":9,"minecraft:iron_door":2,"minecraft:gravel":12,"minecraft:diamond_sword":609,"minecraft:andesite":142,"minecraft:coarse_dirt":1,"minecraft:experience_bottle":2,"minecraft:flint_and_steel":19,"minecraft:cooked_salmon":7,"minecraft:netherrack":1,"minecraft:torch":155,"minecraft:dirt":300,"minecraft:golden_shovel":35,"biomesoplenty:snowblossom_sapling":22,"minecraft:granite":12,"farmersdelight:rope":1,"minecraft:dark_oak_planks":2,"minecraft:stone_brick_slab":1,"minecraft:wooden_axe":67,"minecraft:iron_axe":230,"minecraft:totem_of_undying":1,"minecraft:golden_carrot":4,"charm:oak_chest":1,"minecraft:cooked_beef":13,"minecraft:cobbled_deepslate":8,"minecraft:cooked_mutton":26,"minecraft:water_bucket":209,"minecraft:cobblestone_stairs":1,"minecraft:cherry_planks":32,"minecraft:cracked_stone_bricks":7,"minecraft:polished_blackstone_bricks":9,"minecraft:red_bed":1,"minecraft:diamond_pickaxe":673,"minecraft:iron_pickaxe":252,"minecraft:suspicious_stew":2,"minecraft:stone_axe":39,"minecraft:cobblestone":262,"charm:cherry_chest":4,"minecraft:white_banner":1,"minecraft:cooked_porkchop":15,"minecraft:bucket":220},"minecraft:killed_by":{"minecraft:drowned":1,"minecraft:illusioner":1,"minecraft:player":1,"minecraft:skeleton":3}},"DataVersion":3955}