{"stats":{"minecraft:used":{"minecraft:moss_block":1,"minecraft:stone_sword":6,"minecraft:iron_shovel":442,"minecraft:spruce_planks":4,"minecraft:iron_sword":86,"minecraft:cooked_salmon":9,"minecraft:cooked_chicken":2,"minecraft:rotten_flesh":4,"minecraft:torch":57,"minecraft:dirt":20,"charm:spruce_chest":1,"minecraft:oak_wood":7,"minecraft:cyan_wool":4,"minecraft:spruce_boat":7,"minecraft:cyan_terracotta":1,"variantcraftingtables:spruce_crafting_table":4,"friendsandfoes:totem_of_illusion":1,"minecraft:iron_axe":90,"minecraft:sweet_berries":3,"minecraft:furnace":5,"minecraft:gray_bed":2,"minecraft:cooked_mutton":3,"minecraft:water_bucket":5,"minecraft:stone_pickaxe":12,"minecraft:oak_planks":15,"minecraft:wooden_pickaxe":13,"minecraft:glow_berries":1,"fwaystones:stone_brick_waystone":1,"minecraft:crafting_table":1,"minecraft:red_bed":4,"biomesoplenty:dead_planks":1,"minecraft:spruce_log":7,"minecraft:cake":1,"minecraft:apple":23,"minecraft:iron_pickaxe":178,"minecraft:bread":28,"minecraft:melon_slice":2,"minecraft:stone_axe":85,"minecraft:diamond_sword":72,"minecraft:cobblestone":20,"minecraft:cooked_porkchop":4,"minecraft:bucket":6,"minecraft:coarse_dirt":1,"minecraft:experience_bottle":4},"minecraft:killed":{"minecraft:spider":2,"minecraft:skeleton":3,"minecraft:pig":1,"minecraft:salmon":21,"minecraft:creeper":1,"minecraft:sheep":2,"minecraft:pillager":6,"minecraft:zombie":12,"minecraft:player":1},"minecraft:killed_by":{"minecraft:player":2,"minecraft:zombie":1},"minecraft:custom":{"minecraft:mob_kills":50,"minecraft:interact_with_crafting_table":34,"minecraft:open_barrel":37,"minecraft:leave_game":3,"minecraft:time_since_death":55680,"minecraft:climb_one_cm":8291,"minecraft:sprint_one_cm":459123,"minecraft:walk_one_cm":531640,"minecraft:drop":64,"minecraft:play_time":162824,"minecraft:deaths":4,"minecraft:sneak_time":680,"minecraft:walk_under_water_one_cm":34301,"minecraft:boat_one_cm":80621,"minecraft:jump":2880,"minecraft:walk_on_water_one_cm":60206,"minecraft:total_world_time":162824,"minecraft:interact_with_furnace":26,"minecraft:sleep_in_bed":7,"minecraft:time_since_rest":231,"minecraft:damage_taken":4125,"minecraft:damage_dealt":6868,"minecraft:swim_one_cm":89589,"minecraft:fly_one_cm":542812,"minecraft:player_kills":1,"minecraft:open_chest":58,"minecraft:crouch_one_cm":1011,"minecraft:interact_with_smoker":2,"minecraft:fall_one_cm":77373},"minecraft:mined":{"biomesoplenty:glowing_moss_block":1,"minecraft:mossy_cobblestone":2,"farmersdelight:tomato_crate":1,"natures_spirit:white_heather":8,"minecraft:glow_lichen":1,"minecraft:potted_dead_bush":1,"minecraft:grass_block":259,"minecraft:spruce_fence":3,"natures_spirit:red_heather":2,"minecraft:spruce_leaves":4,"minecraft:moss_block":1,"minecraft:gilded_blackstone":1,"minecraft:spawner":6,"minecraft:furnace":2,"minecraft:iron_ore":4,"minecraft:barrel":1,"minecraft:andesite":30,"minecraft:bookshelf":11,"minecraft:dirt_path":1,"minecraft:lantern":11,"minecraft:black_candle":5,"natures_spirit:frigid_grass":3,"minecraft:stone":58,"minecraft:redstone_wall_torch":1,"natures_spirit:fir_log":12,"minecraft:cyan_terracotta":1,"minecraft:red_bed":4,"minecraft:blackstone":11,"biomesoplenty:glowing_moss_carpet":1,"natures_spirit:purple_heather":2,"minecraft:soul_lantern":5,"minecraft:powder_snow":3,"minecraft:torch":7,"minecraft:short_grass":34,"minecraft:oak_wood":11,"minecraft:campfire":1,"minecraft:copper_ore":1,"minecraft:tall_grass":1,"minecraft:cobblestone":3,"minecraft:sugar_cane":4,"visualworkbench:variantcraftingtables/spruce_crafting_table":1,"minecraft:wall_torch":4,"minecraft:cyan_wool":4,"minecraft:light_gray_candle":1,"minecraft:coarse_dirt":93,"minecraft:stripped_spruce_wood":2,"minecraft:sweet_berry_bush":9,"minecraft:ice":30,"minecraft:wheat":38,"minecraft:lilac":6,"minecraft:gray_bed":2,"minecraft:spruce_log":62,"biomesoplenty:fir_log":3,"minecraft:smooth_stone_slab":1,"biomesoplenty:dead_log":55,"minecraft:coal_ore":25,"minecraft:dirt":80,"minecraft:cobweb":1,"minecraft:brown_candle":1,"biomesoplenty:dead_planks":7,"minecraft:fern":3,"minecraft:gray_candle":1},"minecraft:crafted":{"minecraft:oak_planks":16,"variantcraftingtables:spruce_crafting_table":3,"minecraft:cooked_chicken":2,"inmis:gilded_backpack":1,"minecraft:furnace":3,"minecraft:stone_pickaxe":1,"minecraft:spruce_boat":1,"biomesoplenty:dead_planks":28,"minecraft:cooked_porkchop":5,"minecraft:crafting_table":1,"minecraft:spruce_planks":52,"minecraft:wooden_pickaxe":1,"minecraft:cooked_salmon":5,"minecraft:stone_axe":1,"minecraft:bread":27,"charm:spruce_chest":1,"biomesoplenty:fir_planks":12,"inmis:plated_backpack":1,"minecraft:stick":32,"minecraft:stone_sword":1,"minecraft:iron_shovel":2,"inmis:frayed_backpack":1,"minecraft:torch":28},"minecraft:broken":{"minecraft:iron_shovel":1},"minecraft:dropped":{"minecraft:iron_ingot":9,"farmersdelight:iron_knife":1,"minecraft:iron_sword":2,"minecraft:lapis_lazuli":50,"minecraft:cobblestone":1,"minecraft:leather":9,"minecraft:coal":38,"minecraft:stick":1,"illagerinvasion:platinum_chunk":1,"minecraft:torch":7,"minecraft:cherry_planks":8,"minecraft:cooked_salmon":2,"minecraft:dried_kelp":7,"minecraft:gray_candle":6,"minecraft:white_wool":1,"minecraft:spruce_sapling":9,"minecraft:furnace":1,"minecraft:sweet_berries":11,"minecraft:raw_iron":2,"minecraft:rotten_flesh":11,"minecraft:clay_ball":4,"minecraft:oak_planks":5,"minecraft:iron_boots":1,"minecraft:carrot":56,"biomesoplenty:glowing_moss_carpet":1,"biomesoplenty:dead_sapling":3,"minecraft:diamond_sword":2,"minecraft:spruce_boat":1,"minecraft:spruce_planks":4,"minecraft:barrel":1,"minecraft:brown_candle":2,"minecraft:bamboo":7,"minecraft:stone_pickaxe":1,"variantcraftingtables:spruce_crafting_table":1},"minecraft:picked_up":{"minecraft:charcoal":2,"minecraft:coarse_dirt":98,"minecraft:wheat":68,"minecraft:ominous_bottle":1,"illagerinvasion:platinum_chunk":2,"minecraft:flower_pot":1,"minecraft:clay_ball":8,"minecraft:diamond_sword":6,"friendsandfoes:totem_of_illusion":1,"minecraft:red_bed":4,"minecraft:moss_carpet":2,"minecraft:raw_copper":4,"minecraft:iron_axe":1,"minecraft:cooked_salmon":6,"minecraft:smooth_stone_slab":1,"biomesoplenty:dead_sapling":3,"minecraft:spruce_planks":2,"minecraft:cyan_wool":4,"minecraft:light_gray_wool":1,"minecraft:iron_pickaxe":1,"minecraft:sugar_cane":10,"variantcraftingtables:spruce_crafting_table":2,"minecraft:furnace":3,"minecraft:stick":9,"minecraft:raw_iron":5,"charm:oak_chest":1,"minecraft:big_dripleaf":3,"minecraft:torch":16,"minecraft:spruce_fence":2,"minecraft:porkchop":3,"minecraft:dried_kelp":7,"minecraft:carrot":56,"minecraft:arrow":7,"minecraft:rotten_flesh":43,"minecraft:cyan_terracotta":1,"minecraft:gold_ingot":3,"minecraft:glow_berries":1,"minecraft:mutton":2,"minecraft:skeleton_skull":1,"minecraft:white_wool":2,"minecraft:cobblestone":67,"minecraft:lilac":6,"minecraft:cherry_planks":8,"minecraft:andesite":30,"minecraft:salmon":25,"minecraft:leather":18,"minecraft:potato":1,"natures_spirit:white_heather":11,"biomesoplenty:dead_log":38,"biomesoplenty:fir_log":3,"minecraft:stripped_spruce_wood":2,"minecraft:ancient_debris":1,"fwaystones:stone_brick_waystone":2,"minecraft:gunpowder":2,"natures_spirit:purple_heather":13,"minecraft:lapis_lazuli":50,"minecraft:lantern":11,"minecraft:dirt":339,"minecraft:brown_candle":2,"biomesoplenty:glowing_moss_carpet":4,"minecraft:bone":3,"farmersdelight:iron_knife":1,"minecraft:wheat_seeds":20,"minecraft:iron_ingot":2,"minecraft:stone_pickaxe":1,"minecraft:moss_block":1,"minecraft:gray_candle":12,"minecraft:gray_bed":2,"minecraft:iron_sword":1,"minecraft:oak_planks":20,"minecraft:book":33,"natures_spirit:red_heather":17,"minecraft:black_candle":14,"minecraft:sweet_berries":14,"biomesoplenty:dead_planks":2,"minecraft:spruce_sapling":15,"minecraft:dead_bush":1,"minecraft:spruce_log":68,"biomesoplenty:glowing_moss_block":1,"minecraft:barrel":1,"minecraft:oak_wood":11,"minecraft:spruce_boat":8,"minecraft:soul_lantern":5,"minecraft:crossbow":1,"minecraft:golden_apple":3,"minecraft:spruce_sign":1,"minecraft:emerald":2,"minecraft:coal":97}},"DataVersion":3955}